{
"meta":{"test_sets":[],"test_metrics":[],"learn_metrics":[{"best_value":"Min","name":"RMSE"}],"launch_mode":"Train","parameters":"","iteration_count":500,"learn_sets":["learn"],"name":"experiment"},
"iterations":[
{"learn":[0.3731009644],"iteration":0,"passed_time":0.01481918258,"remaining_time":7.394772109},
{"learn":[0.3522257194],"iteration":1,"passed_time":0.02316195325,"remaining_time":5.767326359},
{"learn":[0.3310219125],"iteration":2,"passed_time":0.03185046474,"remaining_time":5.276560326},
{"learn":[0.3103109936],"iteration":3,"passed_time":0.03925770002,"remaining_time":4.867954802},
{"learn":[0.2906785085],"iteration":4,"passed_time":0.04644526288,"remaining_time":4.598081025},
{"learn":[0.2740228522],"iteration":5,"passed_time":0.05405324863,"remaining_time":4.450384137},
{"learn":[0.2600085375],"iteration":6,"passed_time":0.06149003799,"remaining_time":4.330655533},
{"learn":[0.2459088279],"iteration":7,"passed_time":0.06861585766,"remaining_time":4.219875246},
{"learn":[0.2341498951],"iteration":8,"passed_time":0.0754661293,"remaining_time":4.11709661},
{"learn":[0.2230368895],"iteration":9,"passed_time":0.08097667487,"remaining_time":3.967857069},
{"learn":[0.2141013954],"iteration":10,"passed_time":0.08680055809,"remaining_time":3.858679355},
{"learn":[0.2054026825],"iteration":11,"passed_time":0.09289545796,"remaining_time":3.777748624},
{"learn":[0.1973299197],"iteration":12,"passed_time":0.09867671534,"remaining_time":3.696581567},
{"learn":[0.1898624392],"iteration":13,"passed_time":0.1045265045,"remaining_time":3.628562943},
{"learn":[0.1823212871],"iteration":14,"passed_time":0.1099337645,"remaining_time":3.554525053},
{"learn":[0.1766352347],"iteration":15,"passed_time":0.1153198432,"remaining_time":3.488425256},
{"learn":[0.1711931854],"iteration":16,"passed_time":0.121203383,"remaining_time":3.443602},
{"learn":[0.1663522501],"iteration":17,"passed_time":0.1267437754,"remaining_time":3.393916651},
{"learn":[0.1610919029],"iteration":18,"passed_time":0.1317414261,"remaining_time":3.335138209},
{"learn":[0.1566296017],"iteration":19,"passed_time":0.1378032437,"remaining_time":3.307277848},
{"learn":[0.1532518241],"iteration":20,"passed_time":0.1441025999,"remaining_time":3.286911683},
{"learn":[0.1499333477],"iteration":21,"passed_time":0.1619633431,"remaining_time":3.519021728},
{"learn":[0.1466654253],"iteration":22,"passed_time":0.1715608461,"remaining_time":3.558022765},
{"learn":[0.143191841],"iteration":23,"passed_time":0.1797143609,"remaining_time":3.564334824},
{"learn":[0.1405853234],"iteration":24,"passed_time":0.1869984884,"remaining_time":3.55297128},
{"learn":[0.1384595777],"iteration":25,"passed_time":0.1957281545,"remaining_time":3.568274817},
{"learn":[0.1361290272],"iteration":26,"passed_time":0.2026644234,"remaining_time":3.550380455},
{"learn":[0.1339289091],"iteration":27,"passed_time":0.2091139836,"remaining_time":3.525064295},
{"learn":[0.1317619784],"iteration":28,"passed_time":0.2158796393,"remaining_time":3.506183108},
{"learn":[0.1298341072],"iteration":29,"passed_time":0.2221890354,"remaining_time":3.480961554},
{"learn":[0.1279779473],"iteration":30,"passed_time":0.2288825246,"remaining_time":3.462771098},
{"learn":[0.1262768396],"iteration":31,"passed_time":0.2354490557,"remaining_time":3.443442439},
{"learn":[0.1250338403],"iteration":32,"passed_time":0.2428696702,"remaining_time":3.436973817},
{"learn":[0.1234014389],"iteration":33,"passed_time":0.2480861457,"remaining_time":3.400239526},
{"learn":[0.1218477178],"iteration":34,"passed_time":0.253403462,"remaining_time":3.366645995},
{"learn":[0.1207565631],"iteration":35,"passed_time":0.2576567583,"remaining_time":3.320909329},
{"learn":[0.1193452478],"iteration":36,"passed_time":0.263166108,"remaining_time":3.293132648},
{"learn":[0.1183296978],"iteration":37,"passed_time":0.2699289515,"remaining_time":3.281767779},
{"learn":[0.117151403],"iteration":38,"passed_time":0.2768155975,"remaining_time":3.272102319},
{"learn":[0.1160249563],"iteration":39,"passed_time":0.2831947187,"remaining_time":3.256739265},
{"learn":[0.1147035616],"iteration":40,"passed_time":0.2893703974,"remaining_time":3.239536888},
{"learn":[0.1138108713],"iteration":41,"passed_time":0.2947033662,"remaining_time":3.213670041},
{"learn":[0.1130025018],"iteration":42,"passed_time":0.3002158021,"remaining_time":3.190665617},
{"learn":[0.1121388872],"iteration":43,"passed_time":0.304286361,"remaining_time":3.153513196},
{"learn":[0.1110393806],"iteration":44,"passed_time":0.3089396927,"remaining_time":3.123723559},
{"learn":[0.110343001],"iteration":45,"passed_time":0.3136593762,"remaining_time":3.095681669},
{"learn":[0.1096160796],"iteration":46,"passed_time":0.319001092,"remaining_time":3.074627547},
{"learn":[0.1089683316],"iteration":47,"passed_time":0.3239434282,"remaining_time":3.050467283},
{"learn":[0.1083288399],"iteration":48,"passed_time":0.3280168241,"remaining_time":3.019093626},
{"learn":[0.1075258324],"iteration":49,"passed_time":0.3328762045,"remaining_time":2.995885841},
{"learn":[0.1067759445],"iteration":50,"passed_time":0.3378382843,"remaining_time":2.974301757},
{"learn":[0.1061518271],"iteration":51,"passed_time":0.3429470397,"remaining_time":2.954620649},
{"learn":[0.1055104123],"iteration":52,"passed_time":0.3478892856,"remaining_time":2.934085106},
{"learn":[0.1048895495],"iteration":53,"passed_time":0.3523038387,"remaining_time":2.909768742},
{"learn":[0.1041672016],"iteration":54,"passed_time":0.3568895054,"remaining_time":2.887560544},
{"learn":[0.1036775812],"iteration":55,"passed_time":0.3616260491,"remaining_time":2.86717796},
{"learn":[0.103077928],"iteration":56,"passed_time":0.3664653568,"remaining_time":2.848143036},
{"learn":[0.1026452312],"iteration":57,"passed_time":0.3714643112,"remaining_time":2.830814233},
{"learn":[0.1021724265],"iteration":58,"passed_time":0.3759844831,"remaining_time":2.810324696},
{"learn":[0.1016750367],"iteration":59,"passed_time":0.3803300234,"remaining_time":2.789086838},
{"learn":[0.1011992073],"iteration":60,"passed_time":0.385330608,"remaining_time":2.773116998},
{"learn":[0.100695577],"iteration":61,"passed_time":0.3902296943,"remaining_time":2.75678397},
{"learn":[0.1000513145],"iteration":62,"passed_time":0.3954507868,"remaining_time":2.743047521},
{"learn":[0.09955281795],"iteration":63,"passed_time":0.4004229272,"remaining_time":2.727881192},
{"learn":[0.09908082874],"iteration":64,"passed_time":0.4058613814,"remaining_time":2.716149245},
{"learn":[0.09863397382],"iteration":65,"passed_time":0.4113902323,"remaining_time":2.705202437},
{"learn":[0.09805943222],"iteration":66,"passed_time":0.4167051963,"remaining_time":2.693035074},
{"learn":[0.0975865944],"iteration":67,"passed_time":0.4215830904,"remaining_time":2.678292575},
{"learn":[0.0972193834],"iteration":68,"passed_time":0.426917068,"remaining_time":2.666684874},
{"learn":[0.09694007125],"iteration":69,"passed_time":0.4324869071,"remaining_time":2.656705287},
{"learn":[0.09629459342],"iteration":70,"passed_time":0.4380592537,"remaining_time":2.646865068},
{"learn":[0.09574750848],"iteration":71,"passed_time":0.4437178302,"remaining_time":2.637655991},
{"learn":[0.09529366005],"iteration":72,"passed_time":0.4490306303,"remaining_time":2.626521632},
{"learn":[0.09489272472],"iteration":73,"passed_time":0.4549911863,"remaining_time":2.619273586},
{"learn":[0.09461624033],"iteration":74,"passed_time":0.4605487905,"remaining_time":2.609776479},
{"learn":[0.0938755046],"iteration":75,"passed_time":0.4663071799,"remaining_time":2.601503214},
{"learn":[0.09351814984],"iteration":76,"passed_time":0.471954846,"remaining_time":2.592687011},
{"learn":[0.09304126799],"iteration":77,"passed_time":0.4767229434,"remaining_time":2.579193361},
{"learn":[0.09286532684],"iteration":78,"passed_time":0.4816804892,"remaining_time":2.566930202},
{"learn":[0.09230515422],"iteration":79,"passed_time":0.4869640887,"remaining_time":2.556561466},
{"learn":[0.0918634558],"iteration":80,"passed_time":0.4916499912,"remaining_time":2.543226498},
{"learn":[0.0911872839],"iteration":81,"passed_time":0.4967181296,"remaining_time":2.532050953},
{"learn":[0.0909381343],"iteration":82,"passed_time":0.5016753323,"remaining_time":2.520465224},
{"learn":[0.09044239888],"iteration":83,"passed_time":0.5068984401,"remaining_time":2.51035418},
{"learn":[0.09007564072],"iteration":84,"passed_time":0.51185191,"remaining_time":2.499041678},
{"learn":[0.08947995754],"iteration":85,"passed_time":0.516975089,"remaining_time":2.488694033},
{"learn":[0.08892737537],"iteration":86,"passed_time":0.5220390104,"remaining_time":2.478185187},
{"learn":[0.08845204157],"iteration":87,"passed_time":0.5267384224,"remaining_time":2.466093523},
{"learn":[0.08823681061],"iteration":88,"passed_time":0.5320850079,"remaining_time":2.457156609},
{"learn":[0.08780093611],"iteration":89,"passed_time":0.5380055939,"remaining_time":2.450914372},
{"learn":[0.08756652775],"iteration":90,"passed_time":0.544014047,"remaining_time":2.445074124},
{"learn":[0.08708216375],"iteration":91,"passed_time":0.5502600215,"remaining_time":2.440283574},
{"learn":[0.08662929258],"iteration":92,"passed_time":0.5562552197,"remaining_time":2.434364241},
{"learn":[0.08620880909],"iteration":93,"passed_time":0.5619826463,"remaining_time":2.427286749},
{"learn":[0.08565319027],"iteration":94,"passed_time":0.567594803,"remaining_time":2.419746265},
{"learn":[0.0855437143],"iteration":95,"passed_time":0.5726327538,"remaining_time":2.409829505},
{"learn":[0.08511295737],"iteration":96,"passed_time":0.577782907,"remaining_time":2.4004795},
{"learn":[0.08486436999],"iteration":97,"passed_time":0.582491492,"remaining_time":2.389403875},
{"learn":[0.08448374331],"iteration":98,"passed_time":0.5877609945,"remaining_time":2.380728877},
{"learn":[0.08410346148],"iteration":99,"passed_time":0.592634316,"remaining_time":2.370537264},
{"learn":[0.08371645985],"iteration":100,"passed_time":0.5971376391,"remaining_time":2.358989287},
{"learn":[0.0836428808],"iteration":101,"passed_time":0.6016467947,"remaining_time":2.347602199},
{"learn":[0.08345565433],"iteration":102,"passed_time":0.6064475211,"remaining_time":2.337472484},
{"learn":[0.08296050959],"iteration":103,"passed_time":0.6114030971,"remaining_time":2.32803487},
{"learn":[0.08242495879],"iteration":104,"passed_time":0.616214233,"remaining_time":2.318139257},
{"learn":[0.08227838991],"iteration":105,"passed_time":0.6209909281,"remaining_time":2.308211563},
{"learn":[0.08179441932],"iteration":106,"passed_time":0.6262556661,"remaining_time":2.30017268},
{"learn":[0.08172854394],"iteration":107,"passed_time":0.6315316653,"remaining_time":2.292226045},
{"learn":[0.0813377557],"iteration":108,"passed_time":0.6372608568,"remaining_time":2.285954083},
{"learn":[0.08090937359],"iteration":109,"passed_time":0.642649382,"remaining_time":2.278484172},
{"learn":[0.08041674981],"iteration":110,"passed_time":0.6490805743,"remaining_time":2.274705796},
{"learn":[0.08025627386],"iteration":111,"passed_time":0.6548328599,"remaining_time":2.268528122},
{"learn":[0.07982081668],"iteration":112,"passed_time":0.6604234484,"remaining_time":2.261804199},
{"learn":[0.07948738935],"iteration":113,"passed_time":0.6660565584,"remaining_time":2.255244136},
{"learn":[0.07921604158],"iteration":114,"passed_time":0.6715389603,"remaining_time":2.24819565},
{"learn":[0.07915748049],"iteration":115,"passed_time":0.6770157644,"remaining_time":2.241155634},
{"learn":[0.07882146888],"iteration":116,"passed_time":0.6824067166,"remaining_time":2.233861303},
{"learn":[0.07846606092],"iteration":117,"passed_time":0.6878936338,"remaining_time":2.226909899},
{"learn":[0.07801084588],"iteration":118,"passed_time":0.6935362135,"remaining_time":2.22048149},
{"learn":[0.07754952005],"iteration":119,"passed_time":0.6991897897,"remaining_time":2.214101001},
{"learn":[0.07750442531],"iteration":120,"passed_time":0.704453293,"remaining_time":2.206510728},
{"learn":[0.07705563233],"iteration":121,"passed_time":0.7095786906,"remaining_time":2.198530697},
{"learn":[0.07668717624],"iteration":122,"passed_time":0.7148422877,"remaining_time":2.191020671},
{"learn":[0.0763674877],"iteration":123,"passed_time":0.7205196681,"remaining_time":2.184801574},
{"learn":[0.07592106396],"iteration":124,"passed_time":0.7264705899,"remaining_time":2.17941177},
{"learn":[0.07550622907],"iteration":125,"passed_time":0.7326900869,"remaining_time":2.174810258},
{"learn":[0.07528997785],"iteration":126,"passed_time":0.738798802,"remaining_time":2.169857899},
{"learn":[0.07483992404],"iteration":127,"passed_time":0.744587495,"remaining_time":2.163957407},
{"learn":[0.07445928073],"iteration":128,"passed_time":0.7506758264,"remaining_time":2.1589204},
{"learn":[0.07440326468],"iteration":129,"passed_time":0.7566408881,"remaining_time":2.153516374},
{"learn":[0.07392917837],"iteration":130,"passed_time":0.7624031211,"remaining_time":2.147532456},
{"learn":[0.07362868586],"iteration":131,"passed_time":0.7680818646,"remaining_time":2.141319138},
{"learn":[0.07339428571],"iteration":132,"passed_time":0.7741946081,"remaining_time":2.136311438},
{"learn":[0.07324728218],"iteration":133,"passed_time":0.7795712072,"remaining_time":2.129276581},
{"learn":[0.07270235325],"iteration":134,"passed_time":0.7857226731,"remaining_time":2.124361301},
{"learn":[0.07219192687],"iteration":135,"passed_time":0.7917360359,"remaining_time":2.119058214},
{"learn":[0.07197851212],"iteration":136,"passed_time":0.7975870284,"remaining_time":2.113314535},
{"learn":[0.07165396252],"iteration":137,"passed_time":0.8035407215,"remaining_time":2.107838704},
{"learn":[0.07118992819],"iteration":138,"passed_time":0.8094197469,"remaining_time":2.102162076},
{"learn":[0.07080985392],"iteration":139,"passed_time":0.8153301028,"remaining_time":2.096563122},
{"learn":[0.07045764699],"iteration":140,"passed_time":0.8215040537,"remaining_time":2.091630889},
{"learn":[0.07012917044],"iteration":141,"passed_time":0.8271587455,"remaining_time":2.085372049},
{"learn":[0.06991897667],"iteration":142,"passed_time":0.8332411981,"remaining_time":2.080189564},
{"learn":[0.06952625064],"iteration":143,"passed_time":0.8391484761,"remaining_time":2.07456151},
{"learn":[0.06930522284],"iteration":144,"passed_time":0.8450644591,"remaining_time":2.068950917},
{"learn":[0.06896979551],"iteration":145,"passed_time":0.8517890384,"remaining_time":2.065296709},
{"learn":[0.06869731126],"iteration":146,"passed_time":0.8580871287,"remaining_time":2.060576574},
{"learn":[0.06836546892],"iteration":147,"passed_time":0.8636094355,"remaining_time":2.053990009},
{"learn":[0.06801546565],"iteration":148,"passed_time":0.8693075916,"remaining_time":2.047831978},
{"learn":[0.06788112669],"iteration":149,"passed_time":0.8742179094,"remaining_time":2.039841789},
{"learn":[0.06773024128],"iteration":150,"passed_time":0.8794192722,"remaining_time":2.032565073},
{"learn":[0.06733500355],"iteration":151,"passed_time":0.8839972956,"remaining_time":2.023888545},
{"learn":[0.06703447808],"iteration":152,"passed_time":0.8881587293,"remaining_time":2.014320778},
{"learn":[0.06662497934],"iteration":153,"passed_time":0.892770991,"remaining_time":2.005836123},
{"learn":[0.06621391013],"iteration":154,"passed_time":0.8974708681,"remaining_time":1.997596448},
{"learn":[0.06610885129],"iteration":155,"passed_time":0.9022640165,"remaining_time":1.989607831},
{"learn":[0.06588485467],"iteration":156,"passed_time":0.9060372867,"remaining_time":1.979431779},
{"learn":[0.06578225284],"iteration":157,"passed_time":0.9109014708,"remaining_time":1.97169812},
{"learn":[0.06549479493],"iteration":158,"passed_time":0.915651484,"remaining_time":1.963755698},
{"learn":[0.06521360144],"iteration":159,"passed_time":0.9202890572,"remaining_time":1.955614247},
{"learn":[0.06517380789],"iteration":160,"passed_time":0.9241690796,"remaining_time":1.94592123},
{"learn":[0.06491265854],"iteration":161,"passed_time":0.9285659654,"remaining_time":1.937378372},
{"learn":[0.06458730458],"iteration":162,"passed_time":0.9332774225,"remaining_time":1.929536757},
{"learn":[0.06423385811],"iteration":163,"passed_time":0.9380242622,"remaining_time":1.921805806},
{"learn":[0.06400580223],"iteration":164,"passed_time":0.9420954612,"remaining_time":1.91273927},
{"learn":[0.06381666416],"iteration":165,"passed_time":0.9469837652,"remaining_time":1.905376973},
{"learn":[0.06360755217],"iteration":166,"passed_time":0.9522026677,"remaining_time":1.898703523},
{"learn":[0.06349883828],"iteration":167,"passed_time":0.9574648588,"remaining_time":1.892132935},
{"learn":[0.06346219513],"iteration":168,"passed_time":0.962030197,"remaining_time":1.884212989},
{"learn":[0.06330299283],"iteration":169,"passed_time":0.9669202714,"remaining_time":1.87696288},
{"learn":[0.06292082088],"iteration":170,"passed_time":0.9715128391,"remaining_time":1.869167977},
{"learn":[0.0627324068],"iteration":171,"passed_time":0.9759195545,"remaining_time":1.861055895},
{"learn":[0.06247559772],"iteration":172,"passed_time":0.980753369,"remaining_time":1.85379394},
{"learn":[0.062145903],"iteration":173,"passed_time":0.9855973527,"remaining_time":1.846578948},
{"learn":[0.06211506229],"iteration":174,"passed_time":0.9903596212,"remaining_time":1.839239297},
{"learn":[0.0618211502],"iteration":175,"passed_time":0.9952032575,"remaining_time":1.832078724},
{"learn":[0.06156005363],"iteration":176,"passed_time":1.000028437,"remaining_time":1.824910651},
{"learn":[0.06138113792],"iteration":177,"passed_time":1.005007721,"remaining_time":1.818047675},
{"learn":[0.06096086851],"iteration":178,"passed_time":1.010536233,"remaining_time":1.812190674},
{"learn":[0.06088354087],"iteration":179,"passed_time":1.015879792,"remaining_time":1.806008519},
{"learn":[0.06075226331],"iteration":180,"passed_time":1.021302828,"remaining_time":1.799975702},
{"learn":[0.06071858195],"iteration":181,"passed_time":1.026612652,"remaining_time":1.793751777},
{"learn":[0.06046649834],"iteration":182,"passed_time":1.032510041,"remaining_time":1.788555645},
{"learn":[0.06020436483],"iteration":183,"passed_time":1.038206761,"remaining_time":1.783007263},
{"learn":[0.05988143981],"iteration":184,"passed_time":1.04409615,"remaining_time":1.777785336},
{"learn":[0.05970141492],"iteration":185,"passed_time":1.050213272,"remaining_time":1.772940684},
{"learn":[0.05944904302],"iteration":186,"passed_time":1.055880054,"remaining_time":1.767328647},
{"learn":[0.05942260398],"iteration":187,"passed_time":1.062319926,"remaining_time":1.762999026},
{"learn":[0.05913481844],"iteration":188,"passed_time":1.068064265,"remaining_time":1.757502573},
{"learn":[0.05907356235],"iteration":189,"passed_time":1.073628045,"remaining_time":1.751708915},
{"learn":[0.05893182666],"iteration":190,"passed_time":1.079398631,"remaining_time":1.746252235},
{"learn":[0.05872662043],"iteration":191,"passed_time":1.085513573,"remaining_time":1.74134469},
{"learn":[0.05846855167],"iteration":192,"passed_time":1.091527827,"remaining_time":1.736264471},
{"learn":[0.05836390298],"iteration":193,"passed_time":1.09808071,"remaining_time":1.732024213},
{"learn":[0.05812834884],"iteration":194,"passed_time":1.104823125,"remaining_time":1.728056683},
{"learn":[0.05788813688],"iteration":195,"passed_time":1.111546593,"remaining_time":1.724031451},
{"learn":[0.05766129275],"iteration":196,"passed_time":1.11787166,"remaining_time":1.719366056},
{"learn":[0.05728350966],"iteration":197,"passed_time":1.124041916,"remaining_time":1.714447771},
{"learn":[0.05692079924],"iteration":198,"passed_time":1.130725434,"remaining_time":1.710293245},
{"learn":[0.05673261219],"iteration":199,"passed_time":1.13724044,"remaining_time":1.705860659},
{"learn":[0.05657430606],"iteration":200,"passed_time":1.143174156,"remaining_time":1.700542649},
{"learn":[0.05643991523],"iteration":201,"passed_time":1.14929997,"remaining_time":1.695501937},
{"learn":[0.05641579008],"iteration":202,"passed_time":1.155043567,"remaining_time":1.689891327},
{"learn":[0.05627537069],"iteration":203,"passed_time":1.160994845,"remaining_time":1.684580755},
{"learn":[0.05613540724],"iteration":204,"passed_time":1.166352752,"remaining_time":1.678410057},
{"learn":[0.05588384937],"iteration":205,"passed_time":1.171955563,"remaining_time":1.672596774},
{"learn":[0.05554101065],"iteration":206,"passed_time":1.178536592,"remaining_time":1.668170152},
{"learn":[0.05543163043],"iteration":207,"passed_time":1.18392095,"remaining_time":1.662042872},
{"learn":[0.05518086971],"iteration":208,"passed_time":1.189591798,"remaining_time":1.656321594},
{"learn":[0.05507239219],"iteration":209,"passed_time":1.195125575,"remaining_time":1.650411508},
{"learn":[0.05485383259],"iteration":210,"passed_time":1.20134628,"remaining_time":1.645445853},
{"learn":[0.0546700629],"iteration":211,"passed_time":1.207869699,"remaining_time":1.640879592},
{"learn":[0.05437670211],"iteration":212,"passed_time":1.2135531,"remaining_time":1.635163097},
{"learn":[0.05433971793],"iteration":213,"passed_time":1.218933759,"remaining_time":1.629042314},
{"learn":[0.05406385677],"iteration":214,"passed_time":1.224931601,"remaining_time":1.623746541},
{"learn":[0.05403940845],"iteration":215,"passed_time":1.230080917,"remaining_time":1.617328614},
{"learn":[0.05378453905],"iteration":216,"passed_time":1.235013023,"remaining_time":1.610639104},
{"learn":[0.05363931578],"iteration":217,"passed_time":1.240463216,"remaining_time":1.604635904},
{"learn":[0.05336773719],"iteration":218,"passed_time":1.24577834,"remaining_time":1.598464446},
{"learn":[0.05316994987],"iteration":219,"passed_time":1.251974726,"remaining_time":1.593422378},
{"learn":[0.05294186264],"iteration":220,"passed_time":1.257545072,"remaining_time":1.587579525},
{"learn":[0.05292052568],"iteration":221,"passed_time":1.262627027,"remaining_time":1.581127538},
{"learn":[0.05253621238],"iteration":222,"passed_time":1.268838516,"remaining_time":1.576090893},
{"learn":[0.05235034581],"iteration":223,"passed_time":1.275085685,"remaining_time":1.57108772},
{"learn":[0.05219542263],"iteration":224,"passed_time":1.281289442,"remaining_time":1.56602043},
{"learn":[0.05217640354],"iteration":225,"passed_time":1.288783605,"remaining_time":1.562507557},
{"learn":[0.05202373771],"iteration":226,"passed_time":1.296360579,"remaining_time":1.559059198},
{"learn":[0.05195741734],"iteration":227,"passed_time":1.303166226,"remaining_time":1.554654445},
{"learn":[0.05184571472],"iteration":228,"passed_time":1.309275687,"remaining_time":1.549404852},
{"learn":[0.05170913252],"iteration":229,"passed_time":1.31559085,"remaining_time":1.544389259},
{"learn":[0.05156610748],"iteration":230,"passed_time":1.321196824,"remaining_time":1.538536561},
{"learn":[0.05154346265],"iteration":231,"passed_time":1.327806371,"remaining_time":1.533845291},
{"learn":[0.05129843135],"iteration":232,"passed_time":1.334230492,"remaining_time":1.528925071},
{"learn":[0.05128077099],"iteration":233,"passed_time":1.340067764,"remaining_time":1.523324895},
{"learn":[0.051099817],"iteration":234,"passed_time":1.345352284,"remaining_time":1.517099384},
{"learn":[0.05085797631],"iteration":235,"passed_time":1.351569417,"remaining_time":1.51192511},
{"learn":[0.05084554511],"iteration":236,"passed_time":1.357397709,"remaining_time":1.506310538},
{"learn":[0.05068680153],"iteration":237,"passed_time":1.364116738,"remaining_time":1.501674728},
{"learn":[0.05050677568],"iteration":238,"passed_time":1.369895762,"remaining_time":1.495994953},
{"learn":[0.05048919789],"iteration":239,"passed_time":1.376036132,"remaining_time":1.49070581},
{"learn":[0.05047085321],"iteration":240,"passed_time":1.381292019,"remaining_time":1.484459058},
{"learn":[0.05044925211],"iteration":241,"passed_time":1.387917436,"remaining_time":1.479680572},
{"learn":[0.05030991693],"iteration":242,"passed_time":1.393552226,"remaining_time":1.473839186},
{"learn":[0.05014227295],"iteration":243,"passed_time":1.399273883,"remaining_time":1.468090632},
{"learn":[0.04988786012],"iteration":244,"passed_time":1.404981472,"remaining_time":1.462327654},
{"learn":[0.04973338601],"iteration":245,"passed_time":1.410774487,"remaining_time":1.456653332},
{"learn":[0.04964336232],"iteration":246,"passed_time":1.416618135,"remaining_time":1.451029912},
{"learn":[0.04950596833],"iteration":247,"passed_time":1.422329255,"remaining_time":1.445270049},
{"learn":[0.04929434848],"iteration":248,"passed_time":1.42850875,"remaining_time":1.439982716},
{"learn":[0.04911525586],"iteration":249,"passed_time":1.433564914,"remaining_time":1.433564914},
{"learn":[0.04892015362],"iteration":250,"passed_time":1.439698675,"remaining_time":1.428226972},
{"learn":[0.04873125028],"iteration":251,"passed_time":1.445008806,"remaining_time":1.422072159},
{"learn":[0.04846659068],"iteration":252,"passed_time":1.450796746,"remaining_time":1.416390499},
{"learn":[0.04834063508],"iteration":253,"passed_time":1.456262049,"remaining_time":1.410395528},
{"learn":[0.048161474],"iteration":254,"passed_time":1.461479965,"remaining_time":1.404167026},
{"learn":[0.04797258115],"iteration":255,"passed_time":1.467160218,"remaining_time":1.398387083},
{"learn":[0.0478546825],"iteration":256,"passed_time":1.472869113,"remaining_time":1.392634998},
{"learn":[0.04773517573],"iteration":257,"passed_time":1.478616153,"remaining_time":1.386919027},
{"learn":[0.047571424],"iteration":258,"passed_time":1.484873389,"remaining_time":1.381677555},
{"learn":[0.0474554257],"iteration":259,"passed_time":1.491152016,"remaining_time":1.376448014},
{"learn":[0.04735653274],"iteration":260,"passed_time":1.49670269,"remaining_time":1.370543843},
{"learn":[0.04723182727],"iteration":261,"passed_time":1.502549117,"remaining_time":1.36491103},
{"learn":[0.04714511708],"iteration":262,"passed_time":1.508546957,"remaining_time":1.359413037},
{"learn":[0.04700186175],"iteration":263,"passed_time":1.514119495,"remaining_time":1.353531064},
{"learn":[0.04682979247],"iteration":264,"passed_time":1.519326345,"remaining_time":1.347327136},
{"learn":[0.0467936364],"iteration":265,"passed_time":1.524481141,"remaining_time":1.341084914},
{"learn":[0.04660346148],"iteration":266,"passed_time":1.52994199,"remaining_time":1.335117916},
{"learn":[0.0464259865],"iteration":267,"passed_time":1.53527336,"remaining_time":1.32904261},
{"learn":[0.04623776424],"iteration":268,"passed_time":1.540541067,"remaining_time":1.322918166},
{"learn":[0.04608807892],"iteration":269,"passed_time":1.545802527,"remaining_time":1.316794745},
{"learn":[0.04587720032],"iteration":270,"passed_time":1.550947728,"remaining_time":1.310579445},
{"learn":[0.04564397838],"iteration":271,"passed_time":1.556545897,"remaining_time":1.304751708},
{"learn":[0.04547310765],"iteration":272,"passed_time":1.561575455,"remaining_time":1.298452851},
{"learn":[0.04528807573],"iteration":273,"passed_time":1.565957432,"remaining_time":1.291629123},
{"learn":[0.04505480627],"iteration":274,"passed_time":1.571012067,"remaining_time":1.28537351},
{"learn":[0.04486888665],"iteration":275,"passed_time":1.576686869,"remaining_time":1.279629923},
{"learn":[0.04476951319],"iteration":276,"passed_time":1.581638779,"remaining_time":1.273304866},
{"learn":[0.04460805262],"iteration":277,"passed_time":1.588412608,"remaining_time":1.268444601},
{"learn":[0.04444941499],"iteration":278,"passed_time":1.594352794,"remaining_time":1.262910278},
{"learn":[0.04431745314],"iteration":279,"passed_time":1.599656357,"remaining_time":1.256872852},
{"learn":[0.04416283387],"iteration":280,"passed_time":1.604776782,"remaining_time":1.250697919},
{"learn":[0.04406916407],"iteration":281,"passed_time":1.609883568,"remaining_time":1.244519921},
{"learn":[0.04394497176],"iteration":282,"passed_time":1.61528747,"remaining_time":1.238577318},
{"learn":[0.04381308138],"iteration":283,"passed_time":1.621090601,"remaining_time":1.232942148},
{"learn":[0.04363965583],"iteration":284,"passed_time":1.626309678,"remaining_time":1.226865195},
{"learn":[0.04351638988],"iteration":285,"passed_time":1.647578917,"remaining_time":1.232803805},
{"learn":[0.04334789537],"iteration":286,"passed_time":1.653589655,"remaining_time":1.22722856},
{"learn":[0.04325639255],"iteration":287,"passed_time":1.659227666,"remaining_time":1.221375921},
{"learn":[0.04311912815],"iteration":288,"passed_time":1.665248568,"remaining_time":1.215804318},
{"learn":[0.04296118118],"iteration":289,"passed_time":1.671064935,"remaining_time":1.210081505},
{"learn":[0.04294679748],"iteration":290,"passed_time":1.676941601,"remaining_time":1.204401356},
{"learn":[0.0428249661],"iteration":291,"passed_time":1.683550886,"remaining_time":1.199241727},
{"learn":[0.04270606555],"iteration":292,"passed_time":1.690005497,"remaining_time":1.193962928},
{"learn":[0.04257474851],"iteration":293,"passed_time":1.696514363,"remaining_time":1.188714146},
{"learn":[0.04241080661],"iteration":294,"passed_time":1.702464328,"remaining_time":1.183068432},
{"learn":[0.04230953851],"iteration":295,"passed_time":1.708593322,"remaining_time":1.177544046},
{"learn":[0.04220417484],"iteration":296,"passed_time":1.714262975,"remaining_time":1.17170163},
{"learn":[0.04195301989],"iteration":297,"passed_time":1.720315016,"remaining_time":1.166119574},
{"learn":[0.0419360687],"iteration":298,"passed_time":1.726507417,"remaining_time":1.160628731},
{"learn":[0.04173399547],"iteration":299,"passed_time":1.733199933,"remaining_time":1.155466622},
{"learn":[0.0416128954],"iteration":300,"passed_time":1.739936921,"remaining_time":1.150323745},
{"learn":[0.04145585733],"iteration":301,"passed_time":1.746369868,"remaining_time":1.144970973},
{"learn":[0.04125855436],"iteration":302,"passed_time":1.752189555,"remaining_time":1.139212351},
{"learn":[0.04113628341],"iteration":303,"passed_time":1.757380754,"remaining_time":1.133048117},
{"learn":[0.04112746662],"iteration":304,"passed_time":1.762944668,"remaining_time":1.127128558},
{"learn":[0.04111630798],"iteration":305,"passed_time":1.768130503,"remaining_time":1.120971626},
{"learn":[0.04094047486],"iteration":306,"passed_time":1.773621685,"remaining_time":1.115012981},
{"learn":[0.04082962811],"iteration":307,"passed_time":1.779515613,"remaining_time":1.109308434},
{"learn":[0.04073800985],"iteration":308,"passed_time":1.785535313,"remaining_time":1.103680404},
{"learn":[0.04059694714],"iteration":309,"passed_time":1.791682502,"remaining_time":1.098127985},
{"learn":[0.04048191605],"iteration":310,"passed_time":1.798214648,"remaining_time":1.092805686},
{"learn":[0.0402620873],"iteration":311,"passed_time":1.803971195,"remaining_time":1.087008284},
{"learn":[0.04015167596],"iteration":312,"passed_time":1.809467023,"remaining_time":1.081055378},
{"learn":[0.04006449638],"iteration":313,"passed_time":1.81575604,"remaining_time":1.075575234},
{"learn":[0.03993073037],"iteration":314,"passed_time":1.82159596,"remaining_time":1.069826198},
{"learn":[0.0399113619],"iteration":315,"passed_time":1.827748843,"remaining_time":1.06425882},
{"learn":[0.03980435516],"iteration":316,"passed_time":1.834729709,"remaining_time":1.059165731},
{"learn":[0.03968871364],"iteration":317,"passed_time":1.840376612,"remaining_time":1.053297306},
{"learn":[0.03952695799],"iteration":318,"passed_time":1.846923226,"remaining_time":1.047940764},
{"learn":[0.03944108942],"iteration":319,"passed_time":1.853716954,"remaining_time":1.042715787},
{"learn":[0.03936988918],"iteration":320,"passed_time":1.859919339,"remaining_time":1.037151283},
{"learn":[0.03915291485],"iteration":321,"passed_time":1.866255838,"remaining_time":1.031656954},
{"learn":[0.03900092551],"iteration":322,"passed_time":1.874786425,"remaining_time":1.027359744},
{"learn":[0.03884567581],"iteration":323,"passed_time":1.880034132,"remaining_time":1.021253109},
{"learn":[0.03876669304],"iteration":324,"passed_time":1.885842115,"remaining_time":1.015453447},
{"learn":[0.03868445609],"iteration":325,"passed_time":1.892322584,"remaining_time":1.010012667},
{"learn":[0.03863494738],"iteration":326,"passed_time":1.899450651,"remaining_time":1.004908142},
{"learn":[0.03847442111],"iteration":327,"passed_time":1.904808975,"remaining_time":0.9988632428},
{"learn":[0.0383643558],"iteration":328,"passed_time":1.910339916,"remaining_time":0.9929122362},
{"learn":[0.03826313466],"iteration":329,"passed_time":1.916444002,"remaining_time":0.9872590311},
{"learn":[0.03818769713],"iteration":330,"passed_time":1.921801407,"remaining_time":0.9812218663},
{"learn":[0.03807974157],"iteration":331,"passed_time":1.927059252,"remaining_time":0.9751384166},
{"learn":[0.03793268298],"iteration":332,"passed_time":1.932238674,"remaining_time":0.9690205964},
{"learn":[0.03791538056],"iteration":333,"passed_time":1.937390728,"remaining_time":0.9628947928},
{"learn":[0.037804],"iteration":334,"passed_time":1.942334988,"remaining_time":0.9566724568},
{"learn":[0.03776311844],"iteration":335,"passed_time":1.947373706,"remaining_time":0.9505038328},
{"learn":[0.03774907032],"iteration":336,"passed_time":1.952940428,"remaining_time":0.9445972992},
{"learn":[0.03766848566],"iteration":337,"passed_time":1.958512602,"remaining_time":0.9386953889},
{"learn":[0.03751629469],"iteration":338,"passed_time":1.969570915,"remaining_time":0.9354009361},
{"learn":[0.03741667442],"iteration":339,"passed_time":1.982060572,"remaining_time":0.9327343869},
{"learn":[0.03724698305],"iteration":340,"passed_time":1.994143133,"remaining_time":0.9298204051},
{"learn":[0.03714400878],"iteration":341,"passed_time":2.005308538,"remaining_time":0.9264290908},
{"learn":[0.03702107527],"iteration":342,"passed_time":2.011513039,"remaining_time":0.9207217118},
{"learn":[0.03688310848],"iteration":343,"passed_time":2.01624942,"remaining_time":0.9143456672},
{"learn":[0.0367247097],"iteration":344,"passed_time":2.021449191,"remaining_time":0.9081873176},
{"learn":[0.03658417434],"iteration":345,"passed_time":2.026620684,"remaining_time":0.9020219229},
{"learn":[0.03652890432],"iteration":346,"passed_time":2.031364856,"remaining_time":0.8956738414},
{"learn":[0.03639955198],"iteration":347,"passed_time":2.035933949,"remaining_time":0.8892585067},
{"learn":[0.03623974433],"iteration":348,"passed_time":2.041170339,"remaining_time":0.8831424675},
{"learn":[0.03609578064],"iteration":349,"passed_time":2.046941658,"remaining_time":0.8772607106},
{"learn":[0.03596136804],"iteration":350,"passed_time":2.052175092,"remaining_time":0.87115125},
{"learn":[0.03588447809],"iteration":351,"passed_time":2.056966654,"remaining_time":0.8648609796},
{"learn":[0.03572427907],"iteration":352,"passed_time":2.061571585,"remaining_time":0.8585014818},
{"learn":[0.03569025023],"iteration":353,"passed_time":2.066317162,"remaining_time":0.852209903},
{"learn":[0.03559506354],"iteration":354,"passed_time":2.070831385,"remaining_time":0.8458325374},
{"learn":[0.03549959361],"iteration":355,"passed_time":2.075361602,"remaining_time":0.8394721088},
{"learn":[0.03541801565],"iteration":356,"passed_time":2.079830957,"remaining_time":0.8330975543},
{"learn":[0.03527394638],"iteration":357,"passed_time":2.084719894,"remaining_time":0.8269000696},
{"learn":[0.03514914371],"iteration":358,"passed_time":2.089476812,"remaining_time":0.8206580236},
{"learn":[0.03503718951],"iteration":359,"passed_time":2.093832423,"remaining_time":0.8142681646},
{"learn":[0.03491333079],"iteration":360,"passed_time":2.098872423,"remaining_time":0.8081530936},
{"learn":[0.03482037322],"iteration":361,"passed_time":2.10395517,"remaining_time":0.8020602583},
{"learn":[0.03472098072],"iteration":362,"passed_time":2.109220435,"remaining_time":0.7960418721},
{"learn":[0.03456346083],"iteration":363,"passed_time":2.115017902,"remaining_time":0.790226469},
{"learn":[0.03450776878],"iteration":364,"passed_time":2.1215066,"remaining_time":0.7846668245},
{"learn":[0.03444708093],"iteration":365,"passed_time":2.127317459,"remaining_time":0.778853933},
{"learn":[0.03437206071],"iteration":366,"passed_time":2.132928175,"remaining_time":0.7729685211},
{"learn":[0.03422805022],"iteration":367,"passed_time":2.138908296,"remaining_time":0.7672171062},
{"learn":[0.03411758254],"iteration":368,"passed_time":2.144998262,"remaining_time":0.7615034479},
{"learn":[0.03400625418],"iteration":369,"passed_time":2.150557467,"remaining_time":0.7556012723},
{"learn":[0.03392081498],"iteration":370,"passed_time":2.156434382,"remaining_time":0.749811416},
{"learn":[0.03385185265],"iteration":371,"passed_time":2.162525833,"remaining_time":0.7440949101},
{"learn":[0.03380520054],"iteration":372,"passed_time":2.168605794,"remaining_time":0.7383724822},
{"learn":[0.03362956281],"iteration":373,"passed_time":2.175468831,"remaining_time":0.732911959},
{"learn":[0.03345134739],"iteration":374,"passed_time":2.182544865,"remaining_time":0.727514955},
{"learn":[0.03335511822],"iteration":375,"passed_time":2.189020029,"remaining_time":0.7219108606},
{"learn":[0.03331199317],"iteration":376,"passed_time":2.19513545,"remaining_time":0.7161847756},
{"learn":[0.03318945999],"iteration":377,"passed_time":2.20076869,"remaining_time":0.7103010057},
{"learn":[0.03307769457],"iteration":378,"passed_time":2.206256567,"remaining_time":0.7043721493},
{"learn":[0.0329633832],"iteration":379,"passed_time":2.211676485,"remaining_time":0.6984241531},
{"learn":[0.03287028633],"iteration":380,"passed_time":2.217625832,"remaining_time":0.6926442889},
{"learn":[0.03275847065],"iteration":381,"passed_time":2.223480064,"remaining_time":0.686834156},
{"learn":[0.03258343882],"iteration":382,"passed_time":2.229072788,"remaining_time":0.6809439066},
{"learn":[0.03251316414],"iteration":383,"passed_time":2.235369529,"remaining_time":0.6752678785},
{"learn":[0.032425649],"iteration":384,"passed_time":2.241003415,"remaining_time":0.6693906304},
{"learn":[0.03225167384],"iteration":385,"passed_time":2.246380904,"remaining_time":0.6634389197},
{"learn":[0.03216090426],"iteration":386,"passed_time":2.252089725,"remaining_time":0.6575869222},
{"learn":[0.03203117296],"iteration":387,"passed_time":2.257761731,"remaining_time":0.6517250357},
{"learn":[0.03190864109],"iteration":388,"passed_time":2.263966695,"remaining_time":0.6460162035},
{"learn":[0.03179174746],"iteration":389,"passed_time":2.269516897,"remaining_time":0.6401201503},
{"learn":[0.03172080552],"iteration":390,"passed_time":2.275069334,"remaining_time":0.6342264896},
{"learn":[0.03158263282],"iteration":391,"passed_time":2.281087524,"remaining_time":0.6284628893},
{"learn":[0.03142675712],"iteration":392,"passed_time":2.286784583,"remaining_time":0.6226105607},
{"learn":[0.03135531596],"iteration":393,"passed_time":2.292568815,"remaining_time":0.616782473},
{"learn":[0.03124443557],"iteration":394,"passed_time":2.29839064,"remaining_time":0.6109646004},
{"learn":[0.03112479287],"iteration":395,"passed_time":2.303914494,"remaining_time":0.6050684529},
{"learn":[0.03102770215],"iteration":396,"passed_time":2.309843907,"remaining_time":0.5992794014},
{"learn":[0.03097059988],"iteration":397,"passed_time":2.315521043,"remaining_time":0.5934249909},
{"learn":[0.0308293852],"iteration":398,"passed_time":2.320661957,"remaining_time":0.5874357334},
{"learn":[0.03076336354],"iteration":399,"passed_time":2.325889632,"remaining_time":0.581472408},
{"learn":[0.03066768907],"iteration":400,"passed_time":2.331177104,"remaining_time":0.5755275144},
{"learn":[0.03060802242],"iteration":401,"passed_time":2.336531579,"remaining_time":0.5696022257},
{"learn":[0.03051796003],"iteration":402,"passed_time":2.342055138,"remaining_time":0.5637204675},
{"learn":[0.03043711777],"iteration":403,"passed_time":2.347490228,"remaining_time":0.5578194601},
{"learn":[0.03036582373],"iteration":404,"passed_time":2.353140004,"remaining_time":0.5519711121},
{"learn":[0.03036068159],"iteration":405,"passed_time":2.358220356,"remaining_time":0.545991905},
{"learn":[0.03026437041],"iteration":406,"passed_time":2.363457753,"remaining_time":0.5400530001},
{"learn":[0.03014655025],"iteration":407,"passed_time":2.369112669,"remaining_time":0.5342116803},
{"learn":[0.03003353331],"iteration":408,"passed_time":2.387078761,"remaining_time":0.5311104334},
{"learn":[0.02992058307],"iteration":409,"passed_time":2.393055929,"remaining_time":0.5253049601},
{"learn":[0.02983642024],"iteration":410,"passed_time":2.399022253,"remaining_time":0.5194963029},
{"learn":[0.02969706313],"iteration":411,"passed_time":2.405664725,"remaining_time":0.5138313004},
{"learn":[0.0296395723],"iteration":412,"passed_time":2.412367316,"remaining_time":0.5081742287},
{"learn":[0.02955451851],"iteration":413,"passed_time":2.419231123,"remaining_time":0.5025455957},
{"learn":[0.02943207972],"iteration":414,"passed_time":2.425375996,"remaining_time":0.4967637582},
{"learn":[0.02941963568],"iteration":415,"passed_time":2.431815596,"remaining_time":0.4910396877},
{"learn":[0.02936920577],"iteration":416,"passed_time":2.438462249,"remaining_time":0.4853533972},
{"learn":[0.02926253675],"iteration":417,"passed_time":2.445528551,"remaining_time":0.4797448354},
{"learn":[0.0291823171],"iteration":418,"passed_time":2.452852943,"remaining_time":0.4741792085},
{"learn":[0.02910535502],"iteration":419,"passed_time":2.45856729,"remaining_time":0.4682985314},
{"learn":[0.02898945363],"iteration":420,"passed_time":2.464871308,"remaining_time":0.4625292954},
{"learn":[0.02893030584],"iteration":421,"passed_time":2.470358677,"remaining_time":0.45660658},
{"learn":[0.02879995238],"iteration":422,"passed_time":2.47589492,"remaining_time":0.45069482},
{"learn":[0.02873157846],"iteration":423,"passed_time":2.482986214,"remaining_time":0.4450635666},
{"learn":[0.02863057334],"iteration":424,"passed_time":2.488400481,"remaining_time":0.4391294967},
{"learn":[0.02852687194],"iteration":425,"passed_time":2.493479655,"remaining_time":0.4331396583},
{"learn":[0.02843519848],"iteration":426,"passed_time":2.498297545,"remaining_time":0.4271094163},
{"learn":[0.02835904149],"iteration":427,"passed_time":2.504312945,"remaining_time":0.4212862898},
{"learn":[0.02826708081],"iteration":428,"passed_time":2.510248051,"remaining_time":0.4154489781},
{"learn":[0.02816331746],"iteration":429,"passed_time":2.515704079,"remaining_time":0.4095332222},
{"learn":[0.02807390656],"iteration":430,"passed_time":2.521031785,"remaining_time":0.403599056},
{"learn":[0.02797987586],"iteration":431,"passed_time":2.526533056,"remaining_time":0.3976950181},
{"learn":[0.02789082683],"iteration":432,"passed_time":2.531727673,"remaining_time":0.3917453905},
{"learn":[0.02780837428],"iteration":433,"passed_time":2.536811994,"remaining_time":0.3857824691},
{"learn":[0.02773272158],"iteration":434,"passed_time":2.541747085,"remaining_time":0.3798012886},
{"learn":[0.02762444871],"iteration":435,"passed_time":2.546652298,"remaining_time":0.3738205208},
{"learn":[0.02750836847],"iteration":436,"passed_time":2.55160851,"remaining_time":0.3678520277},
{"learn":[0.02741851713],"iteration":437,"passed_time":2.556906783,"remaining_time":0.3619365765},
{"learn":[0.02730462008],"iteration":438,"passed_time":2.562398861,"remaining_time":0.3560508668},
{"learn":[0.02723638763],"iteration":439,"passed_time":2.567556209,"remaining_time":0.3501213012},
{"learn":[0.02717438793],"iteration":440,"passed_time":2.57273193,"remaining_time":0.3441976958},
{"learn":[0.02713410836],"iteration":441,"passed_time":2.578242862,"remaining_time":0.3383214615},
{"learn":[0.02712440301],"iteration":442,"passed_time":2.583267342,"remaining_time":0.3323842856},
{"learn":[0.0270449842],"iteration":443,"passed_time":2.588763583,"remaining_time":0.3265107222},
{"learn":[0.02692350551],"iteration":444,"passed_time":2.594596834,"remaining_time":0.3206805076},
{"learn":[0.02687625887],"iteration":445,"passed_time":2.599847997,"remaining_time":0.3147798023},
{"learn":[0.02676977949],"iteration":446,"passed_time":2.605176286,"remaining_time":0.308891148},
{"learn":[0.02671935013],"iteration":447,"passed_time":2.609877937,"remaining_time":0.3029322605},
{"learn":[0.02666873367],"iteration":448,"passed_time":2.614802086,"remaining_time":0.2970042458},
{"learn":[0.02658310146],"iteration":449,"passed_time":2.620118343,"remaining_time":0.2911242603},
{"learn":[0.026513297],"iteration":450,"passed_time":2.625367534,"remaining_time":0.2852394882},
{"learn":[0.02645329487],"iteration":451,"passed_time":2.630877125,"remaining_time":0.2793851814},
{"learn":[0.02636983643],"iteration":452,"passed_time":2.636310779,"remaining_time":0.2735245179},
{"learn":[0.02627896552],"iteration":453,"passed_time":2.642200121,"remaining_time":0.2677119065},
{"learn":[0.02617241798],"iteration":454,"passed_time":2.647939543,"remaining_time":0.2618841306},
{"learn":[0.02604397753],"iteration":455,"passed_time":2.654038885,"remaining_time":0.2560914714},
{"learn":[0.02594414533],"iteration":456,"passed_time":2.659078227,"remaining_time":0.2501977325},
{"learn":[0.02587970665],"iteration":457,"passed_time":2.665188164,"remaining_time":0.2444059015},
{"learn":[0.02579818753],"iteration":458,"passed_time":2.670769059,"remaining_time":0.2385654279},
{"learn":[0.02570213457],"iteration":459,"passed_time":2.675821949,"remaining_time":0.2326801695},
{"learn":[0.02564465816],"iteration":460,"passed_time":2.680574979,"remaining_time":0.2267731544},
{"learn":[0.02558945987],"iteration":461,"passed_time":2.685403503,"remaining_time":0.2208773444},
{"learn":[0.02550127075],"iteration":462,"passed_time":2.690275365,"remaining_time":0.214989608},
{"learn":[0.02539752585],"iteration":463,"passed_time":2.695073222,"remaining_time":0.2091005086},
{"learn":[0.0253534476],"iteration":464,"passed_time":2.699958039,"remaining_time":0.2032226481},
{"learn":[0.0252260592],"iteration":465,"passed_time":2.705011433,"remaining_time":0.1973613492},
{"learn":[0.02518883332],"iteration":466,"passed_time":2.709513505,"remaining_time":0.1914645518},
{"learn":[0.02516429807],"iteration":467,"passed_time":2.714275988,"remaining_time":0.1855915206},
{"learn":[0.02507797152],"iteration":468,"passed_time":2.719567035,"remaining_time":0.1797581623},
{"learn":[0.02501397516],"iteration":469,"passed_time":2.724718809,"remaining_time":0.1739182218},
{"learn":[0.02495885337],"iteration":470,"passed_time":2.7310035,"remaining_time":0.1681509586},
{"learn":[0.02488094237],"iteration":471,"passed_time":2.736137478,"remaining_time":0.1623132402},
{"learn":[0.02487142749],"iteration":472,"passed_time":2.742498527,"remaining_time":0.1565485417},
{"learn":[0.02481469416],"iteration":473,"passed_time":2.747734791,"remaining_time":0.1507196299},
{"learn":[0.02471793832],"iteration":474,"passed_time":2.753434019,"remaining_time":0.14491758},
{"learn":[0.02466735341],"iteration":475,"passed_time":2.758948297,"remaining_time":0.1391066368},
{"learn":[0.02463225494],"iteration":476,"passed_time":2.765516493,"remaining_time":0.1333477554},
{"learn":[0.02455700414],"iteration":477,"passed_time":2.771228803,"remaining_time":0.1275460956},
{"learn":[0.02445565208],"iteration":478,"passed_time":2.777662229,"remaining_time":0.1217764234},
{"learn":[0.02439916614],"iteration":479,"passed_time":2.783376674,"remaining_time":0.1159740281},
{"learn":[0.02433007333],"iteration":480,"passed_time":2.789352609,"remaining_time":0.1101823276},
{"learn":[0.02423285699],"iteration":481,"passed_time":2.7957692,"remaining_time":0.1044063187},
{"learn":[0.02420649925],"iteration":482,"passed_time":2.801352053,"remaining_time":0.09859831243},
{"learn":[0.02412528186],"iteration":483,"passed_time":2.807390574,"remaining_time":0.09280629998},
{"learn":[0.02403214184],"iteration":484,"passed_time":2.813188502,"remaining_time":0.08700582996},
{"learn":[0.02396433712],"iteration":485,"passed_time":2.819477075,"remaining_time":0.08121950422},
{"learn":[0.02389953264],"iteration":486,"passed_time":2.825679696,"remaining_time":0.07542882144},
{"learn":[0.02382248724],"iteration":487,"passed_time":2.831714754,"remaining_time":0.06963233001},
{"learn":[0.02373630795],"iteration":488,"passed_time":2.837306404,"remaining_time":0.06382488843},
{"learn":[0.02360818497],"iteration":489,"passed_time":2.842428803,"remaining_time":0.05800875108},
{"learn":[0.02353143583],"iteration":490,"passed_time":2.8471639,"remaining_time":0.05218834032},
{"learn":[0.02340184734],"iteration":491,"passed_time":2.85213215,"remaining_time":0.04637613252},
{"learn":[0.02332886604],"iteration":492,"passed_time":2.857122534,"remaining_time":0.04056766275},
{"learn":[0.0232468961],"iteration":493,"passed_time":2.861395415,"remaining_time":0.03475379046},
{"learn":[0.02316483212],"iteration":494,"passed_time":2.866644434,"remaining_time":0.02895600438},
{"learn":[0.02303368089],"iteration":495,"passed_time":2.871522357,"remaining_time":0.02315743837},
{"learn":[0.02295682731],"iteration":496,"passed_time":2.876223847,"remaining_time":0.01736151216},
{"learn":[0.02283858778],"iteration":497,"passed_time":2.881013865,"remaining_time":0.01157033681},
{"learn":[0.02278635533],"iteration":498,"passed_time":2.886119048,"remaining_time":0.005783805708},
{"learn":[0.0227161481],"iteration":499,"passed_time":2.891509988,"remaining_time":0}
]}